config,content,style,ssim,lpips,sifid,wall_s
swd_adam,angel1024,apples,0.7015663851595643,0.10275083035230637,23.757871627807617,29.1
swd_adam,angel1024,comp7,0.6586416771424832,0.2694500684738159,20.076641082763672,29.2
swd_adam,angel1024,greatwave,0.6420392782796974,0.22821661829948425,28.192886352539062,29.3
swd_adam,angel1024,impression,0.5886983807381183,0.18375657498836517,27.133371353149414,29.2
swd_adam,angel1024,pearlear,0.6193281228570371,0.1636904776096344,37.46735382080078,29.2
swd_adam,angel1024,scream,0.655725682742125,0.1859838217496872,19.573200225830078,29.2
swd_adam,angel1024,shipwreck,0.6439170562727912,0.10042500495910645,25.163558959960938,29.2
swd_adam,angel1024,starry,0.6366812921250184,0.28490349650382996,20.545166015625,29.1
swd_adam,angel1024,udnie,0.6650799732874166,0.13847097754478455,23.56545639038086,29.2
swd_adam,angel1024,waterlilies,0.6860909408934538,0.15847539901733398,22.32940101623535,29.2
swd_adam,arch1024,apples,0.31330050338877535,0.22592641413211823,22.74262237548828,28.7
swd_adam,arch1024,comp7,0.37993164989587197,0.21676695346832275,18.001022338867188,28.7
swd_adam,arch1024,greatwave,0.3996941338677787,0.21934956312179565,24.490859985351562,28.7
swd_adam,arch1024,impression,0.24522288961226293,0.3557959794998169,20.262954711914062,28.7
swd_adam,arch1024,pearlear,0.26367647999687743,0.351498007774353,37.60090637207031,28.7
swd_adam,arch1024,scream,0.30591239403333287,0.22302746772766113,17.972681045532227,28.7
swd_adam,arch1024,shipwreck,0.2760859423454188,0.28031906485557556,21.610300064086914,28.7
swd_adam,arch1024,starry,0.3386979748043994,0.1698923110961914,17.8962459564209,28.6
swd_adam,arch1024,udnie,0.2848739969113491,0.3366386294364929,21.828847885131836,28.7
swd_adam,arch1024,waterlilies,0.3300338588810346,0.1833088994026184,19.037017822265625,28.7
swd_adam,athletes1024,apples,0.8475151076104078,0.08557512611150742,27.634777069091797,29.1
swd_adam,athletes1024,comp7,0.7579890908193079,0.15111389756202698,25.789440155029297,29.1
swd_adam,athletes1024,greatwave,0.7591064350837702,0.20070122182369232,30.175601959228516,29.2
swd_adam,athletes1024,impression,0.7854106396937811,0.1645801067352295,30.021263122558594,29.1
swd_adam,athletes1024,pearlear,0.7988442303324228,0.13333424925804138,34.313453674316406,29.2
swd_adam,athletes1024,scream,0.7871799823211867,0.1438087373971939,28.51473045349121,29.1
swd_adam,athletes1024,shipwreck,0.8024056393854613,0.14423711597919464,27.837013244628906,29.1
swd_adam,athletes1024,starry,0.6768432364753576,0.2298355996608734,24.715076446533203,29.1
swd_adam,athletes1024,udnie,0.8413829610918258,0.12964139878749847,27.47882843017578,29.2
swd_adam,athletes1024,waterlilies,0.7873132035189537,0.16952268779277802,28.373699188232422,29.2
swd_adam,barn1024,apples,0.5831573626257954,0.14568328857421875,26.75812339782715,28.6
swd_adam,barn1024,comp7,0.6616091575805563,0.09088955074548721,26.21469497680664,28.6
swd_adam,barn1024,greatwave,0.6493184601471755,0.13767468929290771,25.179248809814453,28.6
swd_adam,barn1024,impression,0.47640940153939376,0.2535198926925659,28.557113647460938,28.6
swd_adam,barn1024,pearlear,0.5004120685062916,0.23693592846393585,34.00276565551758,28.6
swd_adam,barn1024,scream,0.5905334869327522,0.1210106760263443,24.7094669342041,28.6
swd_adam,barn1024,shipwreck,0.5234212283054185,0.1885879933834076,24.670562744140625,28.6
swd_adam,barn1024,starry,0.5948080822367138,0.1397724747657776,22.422412872314453,28.6
swd_adam,barn1024,udnie,0.5436633074076812,0.22931328415870667,25.352338790893555,28.6
swd_adam,barn1024,waterlilies,0.5922853565619515,0.14092405140399933,26.868738174438477,28.6
swd_adam,berries1024,apples,0.608039852392097,0.10743468999862671,23.31005859375,25.8
swd_adam,berries1024,comp7,0.6900382325455523,0.03154933452606201,18.648237228393555,25.8
swd_adam,berries1024,greatwave,0.6618384446808746,0.09709920734167099,28.99099349975586,25.8
swd_adam,berries1024,impression,0.519516522984955,0.20177505910396576,24.887981414794922,25.8
swd_adam,berries1024,pearlear,0.5385473960543066,0.1761856973171234,39.972007751464844,25.8
swd_adam,berries1024,scream,0.6031156853273689,0.08843506127595901,22.54134750366211,25.9
swd_adam,berries1024,shipwreck,0.5515144633645926,0.1597919762134552,27.352983474731445,25.9
swd_adam,berries1024,starry,0.6513843869362433,0.059931810945272446,18.825916290283203,25.9
swd_adam,berries1024,udnie,0.5787491792804759,0.14797739684581757,21.596153259277344,25.9
swd_adam,berries1024,waterlilies,0.632789288675644,0.07307648658752441,19.493011474609375,25.8
swd_adam,cabbage1024,apples,0.7174285554475851,0.08467210084199905,23.902448654174805,25.9
swd_adam,cabbage1024,comp7,0.7311786580003581,0.15154387056827545,14.692886352539062,25.8
swd_adam,cabbage1024,greatwave,0.6725915749888,0.20605698227882385,26.50075340270996,25.9
swd_adam,cabbage1024,impression,0.5886961133426171,0.2101522833108902,24.60346794128418,26.0
swd_adam,cabbage1024,pearlear,0.6049561634978131,0.22184467315673828,40.63450241088867,26.2
swd_adam,cabbage1024,scream,0.7070287160587916,0.1624290645122528,17.591983795166016,26.1
swd_adam,cabbage1024,shipwreck,0.6446430797765832,0.16203224658966064,25.601852416992188,26.2
swd_adam,cabbage1024,starry,0.732253323532219,0.18006163835525513,17.440528869628906,26.1
swd_adam,cabbage1024,udnie,0.6513917664199216,0.207233726978302,20.766035079956055,26.1
swd_adam,cabbage1024,waterlilies,0.7555926224973492,0.09641233086585999,17.076576232910156,26.1
swd_adam,cat1024,apples,0.541379555578358,0.09653617441654205,29.80782127380371,24.5
swd_adam,cat1024,comp7,0.609496481496621,0.12438681721687317,25.07047462463379,24.3
swd_adam,cat1024,greatwave,0.5825628129943696,0.1757092922925949,33.51558303833008,24.4
swd_adam,cat1024,impression,0.43941511575160697,0.23958830535411835,33.900428771972656,24.3
swd_adam,cat1024,pearlear,0.4608328065225928,0.22608186304569244,46.77899932861328,24.4
swd_adam,cat1024,scream,0.5462865100933719,0.08878182619810104,26.721221923828125,24.4
swd_adam,cat1024,shipwreck,0.4824109343087065,0.15711064636707306,34.105770111083984,24.3
swd_adam,cat1024,starry,0.5855844938359845,0.13213865458965302,25.929447174072266,24.3
swd_adam,cat1024,udnie,0.5114125826883971,0.16915687918663025,28.94938087463379,24.4
swd_adam,cat1024,waterlilies,0.5721204409494555,0.08078590035438538,28.346662521362305,24.4
swd_adam,city1024,apples,0.7251127449952344,0.09823241829872131,30.368179321289062,29.1
swd_adam,city1024,comp7,0.7554872143079212,0.13751709461212158,26.69513511657715,29.0
swd_adam,city1024,greatwave,0.8016517068310854,0.07652073353528976,35.2972412109375,29.0
swd_adam,city1024,impression,0.634527337059256,0.19374750554561615,29.499826431274414,29.1
swd_adam,city1024,pearlear,0.6538319873597715,0.17419496178627014,48.299598693847656,28.8
swd_adam,city1024,scream,0.7062136409379101,0.11914651840925217,28.278343200683594,28.7
swd_adam,city1024,shipwreck,0.664970269079481,0.14773809909820557,31.946029663085938,28.9
swd_adam,city1024,starry,0.6825092407294368,0.14842423796653748,26.730335235595703,28.9
swd_adam,city1024,udnie,0.696571357255448,0.14032787084579468,29.002378463745117,28.9
swd_adam,city1024,waterlilies,0.7182423031009818,0.11838468909263611,25.713932037353516,28.9
swd_adam,daisy1024,apples,0.8155330472292006,0.17375510931015015,27.04433250427246,32.0
swd_adam,daisy1024,comp7,0.7021280002874924,0.2780441641807556,21.203670501708984,32.0
swd_adam,daisy1024,greatwave,0.670497252097881,0.26445966958999634,26.670909881591797,32.0
swd_adam,daisy1024,impression,0.8574311973882364,0.1993539184331894,24.14773178100586,31.9
swd_adam,daisy1024,pearlear,0.8592571767976722,0.20348793268203735,34.76657485961914,32.0
swd_adam,daisy1024,scream,0.7880662736729183,0.21453365683555603,20.38788604736328,32.0
swd_adam,daisy1024,shipwreck,0.8587464978758769,0.18119199573993683,24.519527435302734,31.9
swd_adam,daisy1024,starry,0.6163409131825396,0.3005087077617645,20.687091827392578,31.9
swd_adam,daisy1024,udnie,0.8645613316762714,0.17407262325286865,26.99440574645996,32.2
swd_adam,daisy1024,waterlilies,0.7505082013716057,0.2596873939037323,23.11654281616211,32.2
swd_adam,darkwoods1024,apples,0.4276842576816187,0.22851918637752533,23.34961700439453,26.3
swd_adam,darkwoods1024,comp7,0.48884114992024463,0.24871726334095,16.20905303955078,26.2
swd_adam,darkwoods1024,greatwave,0.4659383852012005,0.3369148373603821,25.015060424804688,26.2
swd_adam,darkwoods1024,impression,0.3160606998602374,0.3923743665218353,17.831701278686523,26.1
swd_adam,darkwoods1024,pearlear,0.33546954809907276,0.4391028583049774,39.54054641723633,26.1
swd_adam,darkwoods1024,scream,0.43168316542499513,0.3282594680786133,17.402297973632812,26.2
swd_adam,darkwoods1024,shipwreck,0.3649768263123452,0.3361375033855438,19.905181884765625,26.2
swd_adam,darkwoods1024,starry,0.5050800558960515,0.27360206842422485,16.593698501586914,26.1
swd_adam,darkwoods1024,udnie,0.3828997814751871,0.427192360162735,21.496938705444336,26.2
swd_adam,darkwoods1024,waterlilies,0.46947411688501955,0.18682163953781128,15.221076965332031,26.2
swd_adam,desert1024,apples,0.6941465170075806,0.2170892357826233,21.562572479248047,28.9
swd_adam,desert1024,comp7,0.644710118774212,0.3696323037147522,16.611347198486328,28.9
swd_adam,desert1024,greatwave,0.6895795516115276,0.24433112144470215,24.674020767211914,28.9
swd_adam,desert1024,impression,0.5997981135050465,0.26985183358192444,19.267404556274414,28.9
swd_adam,desert1024,pearlear,0.6244910456467412,0.23376883566379547,33.58884048461914,28.9
swd_adam,desert1024,scream,0.6583571210477779,0.24995273351669312,18.50339126586914,28.9
swd_adam,desert1024,shipwreck,0.6557031687320902,0.1541401743888855,18.062225341796875,29.3
swd_adam,desert1024,starry,0.6006653300822166,0.3491858243942261,16.407913208007812,28.9
swd_adam,desert1024,udnie,0.6696232448211158,0.1993441879749298,23.679855346679688,29.0
swd_adam,desert1024,waterlilies,0.6595365567465727,0.29944437742233276,18.91710662841797,28.9
swd_adam,headlight1024,apples,0.8394822241351328,0.1405898630619049,29.107547760009766,28.9
swd_adam,headlight1024,comp7,0.7700763383514229,0.2161346971988678,22.364896774291992,29.0
swd_adam,headlight1024,greatwave,0.7709210825300229,0.1532191038131714,31.723581314086914,28.7
swd_adam,headlight1024,impression,0.7768232718877623,0.19446928799152374,28.502277374267578,28.7
swd_adam,headlight1024,pearlear,0.8115711627087129,0.13695205748081207,42.608131408691406,28.7
swd_adam,headlight1024,scream,0.7960563106344286,0.18227730691432953,23.974885940551758,28.8
swd_adam,headlight1024,shipwreck,0.8056874719165569,0.18368911743164062,30.369211196899414,28.8
swd_adam,headlight1024,starry,0.7024088224602658,0.2298685610294342,24.891143798828125,28.7
swd_adam,headlight1024,udnie,0.8723303703883274,0.0634341835975647,26.200626373291016,28.8
swd_adam,headlight1024,waterlilies,0.7881180876750905,0.21511408686637878,26.173480987548828,28.8
swd_adam,mac1024,apples,0.8045614170131323,0.2708091139793396,26.50722312927246,21.4
swd_adam,mac1024,comp7,0.6567785431072434,0.4319666028022766,20.550458908081055,21.4
swd_adam,mac1024,greatwave,0.6630433103400906,0.37319833040237427,29.68488311767578,21.5
swd_adam,mac1024,impression,0.8466343411370537,0.2672332525253296,27.734346389770508,21.4
swd_adam,mac1024,pearlear,0.8599442271067403,0.13742919266223907,35.34403610229492,21.4
swd_adam,mac1024,scream,0.7641198952504843,0.2824302613735199,22.77517318725586,21.5
swd_adam,mac1024,shipwreck,0.840576692544975,0.2439747452735901,28.121524810791016,21.3
swd_adam,mac1024,starry,0.6259854998225887,0.3902311623096466,22.506643295288086,21.4
swd_adam,mac1024,udnie,0.8275296914435216,0.2131303995847702,26.752315521240234,21.6
swd_adam,mac1024,waterlilies,0.7278844253338204,0.334814190864563,26.866500854492188,21.4
swd_adam,mountains1024,apples,0.8148625158594794,0.16846206784248352,25.077308654785156,28.8
swd_adam,mountains1024,comp7,0.6840112050495049,0.2722001373767853,19.881813049316406,28.8
swd_adam,mountains1024,greatwave,0.6896353119978443,0.21905982494354248,24.195831298828125,28.8
swd_adam,mountains1024,impression,0.8089281460353956,0.19743141531944275,23.076663970947266,28.7
swd_adam,mountains1024,pearlear,0.8346820945016425,0.1432797759771347,31.74667739868164,28.7
swd_adam,mountains1024,scream,0.7595888344526959,0.22692488133907318,17.85239601135254,28.7
swd_adam,mountains1024,shipwreck,0.8269038227424738,0.18846532702445984,20.941574096679688,29.4
swd_adam,mountains1024,starry,0.6309523445885336,0.23099477589130402,16.596586227416992,28.7
swd_adam,mountains1024,udnie,0.8360985623436847,0.14644043147563934,23.733570098876953,28.8
swd_adam,mountains1024,waterlilies,0.7480033533589762,0.2312406450510025,21.65667152404785,28.8
swd_adam,oparara1024,apples,0.5907823733995737,0.17339761555194855,24.633808135986328,30.5
swd_adam,oparara1024,comp7,0.6649660992889669,0.2297145277261734,19.18570327758789,30.3
swd_adam,oparara1024,greatwave,0.6501318138291828,0.1979990452528,24.798599243164062,30.4
swd_adam,oparara1024,impression,0.46974965233007204,0.29690104722976685,20.600025177001953,30.4
swd_adam,oparara1024,pearlear,0.5587418944313077,0.2371804118156433,36.197059631347656,30.7
swd_adam,oparara1024,scream,0.6104841369378873,0.1615285873413086,18.25979995727539,30.4
swd_adam,oparara1024,shipwreck,0.5374320599546593,0.1789969801902771,19.19110107421875,30.5
swd_adam,oparara1024,starry,0.6421216413742624,0.21070446074008942,17.921092987060547,30.4
swd_adam,oparara1024,udnie,0.6044951958606866,0.22003856301307678,24.125473022460938,31.2
swd_adam,oparara1024,waterlilies,0.6236704836537154,0.16227619349956512,17.653127670288086,31.3
swd_adam,rim1024,apples,0.49428756479962543,0.24261069297790527,27.829261779785156,22.2
swd_adam,rim1024,comp7,0.5464215968606678,0.32051974534988403,28.445507049560547,22.2
swd_adam,rim1024,greatwave,0.5290679457160282,0.263615220785141,29.266887664794922,21.9
swd_adam,rim1024,impression,0.48082052349466703,0.2643910050392151,28.954113006591797,21.6
swd_adam,rim1024,pearlear,0.6303008657150189,0.11494305729866028,23.528839111328125,21.5
swd_adam,rim1024,scream,0.5174666764918999,0.30024969577789307,24.57643699645996,21.6
swd_adam,rim1024,shipwreck,0.5047588514727922,0.2631716728210449,25.506914138793945,21.4
swd_adam,rim1024,starry,0.5093267819484453,0.36631420254707336,26.257030487060547,21.5
swd_adam,rim1024,udnie,0.6285565219861213,0.16758127510547638,26.90380859375,21.4
swd_adam,rim1024,waterlilies,0.5023699572546223,0.3317863941192627,28.583147048950195,21.6
swd_adam,snow1024,apples,0.6420307008572267,0.2668347656726837,25.96269989013672,29.0
swd_adam,snow1024,comp7,0.7055321390100758,0.3321833610534668,27.277795791625977,28.9
swd_adam,snow1024,greatwave,0.7748326808746988,0.17737536132335663,28.58757781982422,29.0
swd_adam,snow1024,impression,0.5373092981539117,0.39633530378341675,24.364120483398438,28.9
swd_adam,snow1024,pearlear,0.5612359445973917,0.31735795736312866,36.35826110839844,29.0
swd_adam,snow1024,scream,0.5837415953378914,0.34981995820999146,22.86789321899414,29.0
swd_adam,snow1024,shipwreck,0.5648201068205424,0.3232378661632538,22.965618133544922,28.9
swd_adam,snow1024,starry,0.6254707384854808,0.3192785382270813,24.995630264282227,28.9
swd_adam,snow1024,udnie,0.6102355432905502,0.25999778509140015,28.219615936279297,28.8
swd_adam,snow1024,waterlilies,0.6339648704298368,0.2977956533432007,24.80135726928711,28.7
swd_adam,tomato1024,apples,0.803334920049421,0.09541013836860657,23.919631958007812,28.9
swd_adam,tomato1024,comp7,0.7286522049885068,0.16731703281402588,22.32481575012207,29.0
swd_adam,tomato1024,greatwave,0.7116217986766353,0.15647278726100922,29.44338607788086,28.9
swd_adam,tomato1024,impression,0.7694727850711711,0.12207654118537903,28.316665649414062,28.9
swd_adam,tomato1024,pearlear,0.8118925090710055,0.0839623510837555,38.69203186035156,29.0
swd_adam,tomato1024,scream,0.7652508905455028,0.14064988493919373,24.0726261138916,29.0
swd_adam,tomato1024,shipwreck,0.794349330360526,0.09358005225658417,29.358402252197266,28.9
swd_adam,tomato1024,starry,0.6724789892582757,0.2431580275297165,24.253055572509766,29.3
swd_adam,tomato1024,udnie,0.8379781503618282,0.09347846359014511,24.528600692749023,29.1
swd_adam,tomato1024,waterlilies,0.7500655777252999,0.1678021252155304,24.23271942138672,29.1
swd_adam,toque1024,apples,0.7734024074080463,0.09732615947723389,31.158348083496094,29.6
swd_adam,toque1024,comp7,0.7694482015373646,0.1451326161623001,28.200180053710938,29.2
swd_adam,toque1024,greatwave,0.7858177080267669,0.12374645471572876,33.153873443603516,29.3
swd_adam,toque1024,impression,0.6813604070555642,0.17428097128868103,29.796693801879883,29.3
swd_adam,toque1024,pearlear,0.7161218628761051,0.13922247290611267,36.07911682128906,29.2
swd_adam,toque1024,scream,0.7261022932145619,0.14795370399951935,25.68857192993164,29.0
swd_adam,toque1024,shipwreck,0.7085005323025284,0.1666271686553955,31.90811538696289,29.2
swd_adam,toque1024,starry,0.7045590406559754,0.19121581315994263,26.694900512695312,29.5
swd_adam,toque1024,udnie,0.7836670532421847,0.07921422272920609,31.622114181518555,29.3
swd_adam,toque1024,waterlilies,0.7492271632556341,0.12894973158836365,29.85414695739746,29.0
swd_adam,yemeni1024,apples,0.7852627158749655,0.16153226792812347,27.741409301757812,28.7
swd_adam,yemeni1024,comp7,0.7477500227241682,0.19637690484523773,22.863712310791016,28.7
swd_adam,yemeni1024,greatwave,0.7678660403076695,0.17529545724391937,29.542360305786133,28.7
swd_adam,yemeni1024,impression,0.686539859502639,0.22247222065925598,30.709491729736328,28.7
swd_adam,yemeni1024,pearlear,0.7260004539553849,0.16793230175971985,38.75261688232422,28.7
swd_adam,yemeni1024,scream,0.7261538529930733,0.17963066697120667,23.04193687438965,28.7
swd_adam,yemeni1024,shipwreck,0.7357316969319788,0.15168608725070953,30.569639205932617,28.7
swd_adam,yemeni1024,starry,0.6532534786722629,0.30340132117271423,23.16378402709961,28.7
swd_adam,yemeni1024,udnie,0.7749370494927308,0.1390821784734726,27.86208724975586,28.8
swd_adam,yemeni1024,waterlilies,0.748541412313944,0.2022985965013504,24.54424285888672,28.7
swd_lbfgs,angel1024,apples,0.705611398687404,0.06859132647514343,24.851470947265625,7.0
swd_lbfgs,angel1024,comp7,0.47578087415988624,0.4218127727508545,18.062896728515625,7.0
swd_lbfgs,angel1024,greatwave,0.4773838220199489,0.33269408345222473,27.642822265625,6.9
swd_lbfgs,angel1024,impression,0.6307527253524908,0.10450693219900131,27.410621643066406,7.0
swd_lbfgs,angel1024,pearlear,0.6704018213313614,0.060879409313201904,38.094383239746094,7.0
swd_lbfgs,angel1024,scream,0.6697543717314042,0.15305481851100922,21.752470016479492,7.0
swd_lbfgs,angel1024,shipwreck,0.6701913326932384,0.05495930463075638,25.889225006103516,7.0
swd_lbfgs,angel1024,starry,0.5961871048036302,0.25952014327049255,20.493486404418945,7.0
swd_lbfgs,angel1024,udnie,0.6958767969951027,0.03859328478574753,25.88775062561035,7.0
swd_lbfgs,angel1024,waterlilies,0.6914473605191696,0.13524138927459717,23.657987594604492,7.0
swd_lbfgs,arch1024,apples,0.27832231614076836,0.22650690376758575,21.964567184448242,6.9
swd_lbfgs,arch1024,comp7,0.35217352811505387,0.22377830743789673,17.570375442504883,6.9
swd_lbfgs,arch1024,greatwave,0.4170139905921117,0.09230343997478485,24.39527130126953,6.8
swd_lbfgs,arch1024,impression,0.2233386049802923,0.3567948341369629,20.507556915283203,7.0
swd_lbfgs,arch1024,pearlear,0.2418172837969757,0.3137926459312439,37.67418670654297,6.9
swd_lbfgs,arch1024,scream,0.2825777906870452,0.2308068722486496,17.400310516357422,6.9
swd_lbfgs,arch1024,shipwreck,0.2410181472711075,0.28966790437698364,20.890527725219727,6.9
swd_lbfgs,arch1024,starry,0.29069613664229393,0.15522268414497375,18.697994232177734,6.9
swd_lbfgs,arch1024,udnie,0.2899583861332076,0.21982009708881378,22.569320678710938,6.8
swd_lbfgs,arch1024,waterlilies,0.28162445750443227,0.213113933801651,18.29084587097168,6.9
swd_lbfgs,athletes1024,apples,0.7544875140697161,0.11485105752944946,25.922033309936523,7.0
swd_lbfgs,athletes1024,comp7,0.7068988340366367,0.19324147701263428,23.96953582763672,7.0
swd_lbfgs,athletes1024,greatwave,0.7104650193826401,0.19637197256088257,30.269245147705078,7.0
swd_lbfgs,athletes1024,impression,0.7856616861646647,0.1311509758234024,29.77651023864746,7.0
swd_lbfgs,athletes1024,pearlear,0.8133081488485997,0.08047614991664886,35.00893783569336,7.0
swd_lbfgs,athletes1024,scream,0.7703578603651967,0.13152006268501282,27.793277740478516,7.0
swd_lbfgs,athletes1024,shipwreck,0.8044890847308122,0.1226637214422226,27.505996704101562,6.9
swd_lbfgs,athletes1024,starry,0.6188392245430442,0.2585121989250183,24.56712532043457,7.1
swd_lbfgs,athletes1024,udnie,0.8680831507215943,0.03609227016568184,28.969562530517578,7.0
swd_lbfgs,athletes1024,waterlilies,0.777251990301954,0.1417119801044464,28.321029663085938,7.0
swd_lbfgs,barn1024,apples,0.5878369474083596,0.08375675231218338,27.052650451660156,6.9
swd_lbfgs,barn1024,comp7,0.6470202099272042,0.08675582706928253,26.362987518310547,6.8
swd_lbfgs,barn1024,greatwave,0.647343358506212,0.07486044615507126,26.346866607666016,6.9
swd_lbfgs,barn1024,impression,0.4883411437801619,0.19526076316833496,29.227436065673828,6.9
swd_lbfgs,barn1024,pearlear,0.5229767506512222,0.1640482246875763,32.57896423339844,6.9
swd_lbfgs,barn1024,scream,0.6027494563520557,0.07694115489721298,23.244606018066406,6.9
swd_lbfgs,barn1024,shipwreck,0.5301820202639119,0.14904122054576874,25.474464416503906,6.9
swd_lbfgs,barn1024,starry,0.5850716191211318,0.10112860053777695,22.16095733642578,6.9
swd_lbfgs,barn1024,udnie,0.5989959809730903,0.07868915051221848,29.516193389892578,6.9
swd_lbfgs,barn1024,waterlilies,0.5935316529827105,0.09460920840501785,27.610225677490234,6.9
swd_lbfgs,berries1024,apples,0.5713557171719433,0.0986645296216011,22.726280212402344,6.5
swd_lbfgs,berries1024,comp7,0.6809840372257658,0.025361238047480583,17.930686950683594,6.5
swd_lbfgs,berries1024,greatwave,0.6645540052716187,0.04625733941793442,28.73357391357422,6.5
swd_lbfgs,berries1024,impression,0.4819426605803176,0.2292512059211731,24.071895599365234,6.4
swd_lbfgs,berries1024,pearlear,0.5226590221543925,0.16348598897457123,39.50115966796875,6.4
swd_lbfgs,berries1024,scream,0.5711587903198772,0.09095905721187592,21.603561401367188,6.5
swd_lbfgs,berries1024,shipwreck,0.5070154920121481,0.18752604722976685,26.0419921875,6.4
swd_lbfgs,berries1024,starry,0.6030676124393609,0.07846368104219437,18.650001525878906,6.4
swd_lbfgs,berries1024,udnie,0.5910963077328644,0.0849544107913971,21.58072280883789,6.5
swd_lbfgs,berries1024,waterlilies,0.5980705056875438,0.08400072157382965,18.830020904541016,6.4
swd_lbfgs,cabbage1024,apples,0.7518879987585476,0.04237278923392296,24.51773452758789,6.5
swd_lbfgs,cabbage1024,comp7,0.6988364514766175,0.1771193891763687,14.416912078857422,6.5
swd_lbfgs,cabbage1024,greatwave,0.6585114078328635,0.16254563629627228,26.951658248901367,6.5
swd_lbfgs,cabbage1024,impression,0.6169826571807763,0.1392703801393509,24.815135955810547,6.5
swd_lbfgs,cabbage1024,pearlear,0.659370114312469,0.12294638901948929,42.221534729003906,6.5
swd_lbfgs,cabbage1024,scream,0.7114876624500367,0.11825019121170044,17.020832061767578,6.4
swd_lbfgs,cabbage1024,shipwreck,0.656940837606702,0.12334615737199783,25.613353729248047,6.4
swd_lbfgs,cabbage1024,starry,0.7042198942180755,0.13465481996536255,17.065296173095703,6.4
swd_lbfgs,cabbage1024,udnie,0.7075507377260789,0.08359714597463608,21.693145751953125,6.5
swd_lbfgs,cabbage1024,waterlilies,0.7613283599544267,0.061968572437763214,17.189983367919922,6.5
swd_lbfgs,cat1024,apples,0.5586163591631469,0.058385081589221954,30.423198699951172,6.3
swd_lbfgs,cat1024,comp7,0.5883118410475621,0.1238473579287529,25.395479202270508,6.3
swd_lbfgs,cat1024,greatwave,0.5555415347992441,0.11109006404876709,34.22314453125,6.2
swd_lbfgs,cat1024,impression,0.471039678037066,0.14776639640331268,32.639862060546875,6.2
swd_lbfgs,cat1024,pearlear,0.5016872568513389,0.11735999584197998,46.81871032714844,6.3
swd_lbfgs,cat1024,scream,0.56966678680129,0.05654178559780121,26.77832794189453,6.2
swd_lbfgs,cat1024,shipwreck,0.498723752651876,0.1054757758975029,33.236656188964844,6.2
swd_lbfgs,cat1024,starry,0.5763019113499984,0.07674598693847656,27.809701919555664,6.2
swd_lbfgs,cat1024,udnie,0.5625736302737835,0.047843001782894135,30.340837478637695,6.3
swd_lbfgs,cat1024,waterlilies,0.591634268868026,0.052052535116672516,28.02570343017578,6.2
swd_lbfgs,city1024,apples,0.7373301011297516,0.07235307991504669,30.102479934692383,6.9
swd_lbfgs,city1024,comp7,0.7206417996596749,0.13280293345451355,26.395097732543945,6.8
swd_lbfgs,city1024,greatwave,0.7844077494975592,0.042578037828207016,35.377777099609375,6.9
swd_lbfgs,city1024,impression,0.646439497869519,0.1600017100572586,30.08445167541504,6.9
swd_lbfgs,city1024,pearlear,0.6960024468832565,0.1021374836564064,47.775421142578125,6.9
swd_lbfgs,city1024,scream,0.7214037415112166,0.08341744542121887,28.507699966430664,6.9
swd_lbfgs,city1024,shipwreck,0.6731469558670544,0.12826982140541077,31.473913192749023,6.8
swd_lbfgs,city1024,starry,0.6508814010539393,0.12434297800064087,26.19135093688965,6.8
swd_lbfgs,city1024,udnie,0.7699464525436699,0.046768736094236374,29.312652587890625,6.9
swd_lbfgs,city1024,waterlilies,0.7375041825751874,0.08679388463497162,25.251693725585938,6.9
swd_lbfgs,daisy1024,apples,0.847725420685416,0.0972309336066246,27.92978286743164,7.5
swd_lbfgs,daisy1024,comp7,0.634931549144607,0.3369484841823578,17.594032287597656,7.5
swd_lbfgs,daisy1024,greatwave,0.6215040368072451,0.3146406412124634,26.385822296142578,7.5
swd_lbfgs,daisy1024,impression,0.9042609541528283,0.07716859132051468,29.365835189819336,7.5
swd_lbfgs,daisy1024,pearlear,0.8979501860208928,0.061637405306100845,33.91194152832031,7.5
swd_lbfgs,daisy1024,scream,0.7901751119813396,0.1623251736164093,20.806982040405273,7.4
swd_lbfgs,daisy1024,shipwreck,0.9059254481882523,0.0724567174911499,28.169357299804688,7.4
swd_lbfgs,daisy1024,starry,0.5805887916546523,0.30172109603881836,20.88326072692871,7.4
swd_lbfgs,daisy1024,udnie,0.8820523852838422,0.07762698829174042,26.095115661621094,7.5
swd_lbfgs,daisy1024,waterlilies,0.7712601293341743,0.19909769296646118,23.533336639404297,7.5
swd_lbfgs,darkwoods1024,apples,0.44563081436404706,0.14420226216316223,23.19985580444336,6.5
swd_lbfgs,darkwoods1024,comp7,0.4554076005404251,0.27947694063186646,15.888477325439453,6.4
swd_lbfgs,darkwoods1024,greatwave,0.3242564501405646,0.386089950799942,25.252614974975586,6.5
swd_lbfgs,darkwoods1024,impression,0.3450427080713051,0.252071738243103,18.664777755737305,6.4
swd_lbfgs,darkwoods1024,pearlear,0.3644868563092534,0.2659352123737335,37.45170593261719,6.4
swd_lbfgs,darkwoods1024,scream,0.43407672404869363,0.2393893301486969,17.936140060424805,6.5
swd_lbfgs,darkwoods1024,shipwreck,0.36681839301994423,0.23304682970046997,19.04268455505371,6.5
swd_lbfgs,darkwoods1024,starry,0.47869809029120863,0.18995314836502075,17.041534423828125,6.4
swd_lbfgs,darkwoods1024,udnie,0.415108311687278,0.2081594169139862,22.003250122070312,6.5
swd_lbfgs,darkwoods1024,waterlilies,0.4670386170714412,0.08981189876794815,15.313360214233398,6.4
swd_lbfgs,desert1024,apples,0.6805616493506359,0.16789662837982178,21.041244506835938,6.9
swd_lbfgs,desert1024,comp7,0.5534722678294929,0.43951743841171265,15.796163558959961,6.9
swd_lbfgs,desert1024,greatwave,0.618032069214367,0.27944815158843994,24.129192352294922,6.9
swd_lbfgs,desert1024,impression,0.6352812172644448,0.1344478875398636,20.477689743041992,6.9
swd_lbfgs,desert1024,pearlear,0.6750573808402479,0.0854523628950119,35.0446662902832,6.9
swd_lbfgs,desert1024,scream,0.6357618448374673,0.24431854486465454,16.773874282836914,6.9
swd_lbfgs,desert1024,shipwreck,0.6889719902455266,0.09322958439588547,18.239025115966797,6.8
swd_lbfgs,desert1024,starry,0.557545640583131,0.3495897650718689,17.110729217529297,6.9
swd_lbfgs,desert1024,udnie,0.6883373703208959,0.10949596762657166,22.119850158691406,6.9
swd_lbfgs,desert1024,waterlilies,0.6505654328594699,0.25161415338516235,17.79877471923828,6.8
swd_lbfgs,headlight1024,apples,0.8325689141704535,0.11162262409925461,27.889911651611328,6.8
swd_lbfgs,headlight1024,comp7,0.7160288200736306,0.2576393783092499,21.26736831665039,6.9
swd_lbfgs,headlight1024,greatwave,0.736328417715357,0.1784522533416748,31.544273376464844,6.8
swd_lbfgs,headlight1024,impression,0.8537303555520571,0.08440504968166351,30.056644439697266,6.9
swd_lbfgs,headlight1024,pearlear,0.884698144680767,0.03964797407388687,44.122535705566406,6.9
swd_lbfgs,headlight1024,scream,0.8157178242937277,0.1346776783466339,24.027063369750977,6.9
swd_lbfgs,headlight1024,shipwreck,0.8582585965689932,0.07684803754091263,31.509021759033203,6.9
swd_lbfgs,headlight1024,starry,0.6635331002191386,0.24334672093391418,23.852584838867188,6.9
swd_lbfgs,headlight1024,udnie,0.9071191657985833,0.03701050207018852,27.242433547973633,6.9
swd_lbfgs,headlight1024,waterlilies,0.7734720399176195,0.19400253891944885,24.91412925720215,6.9
swd_lbfgs,mac1024,apples,0.8044784690152836,0.24625611305236816,25.65180206298828,5.8
swd_lbfgs,mac1024,comp7,0.584824797942616,0.48684459924697876,18.876039505004883,5.9
swd_lbfgs,mac1024,greatwave,0.6081246591261958,0.4095276892185211,29.45549774169922,5.8
swd_lbfgs,mac1024,impression,0.8716593070540417,0.11530888080596924,29.226886749267578,5.8
swd_lbfgs,mac1024,pearlear,0.888365107930712,0.062019720673561096,35.88167953491211,5.8
swd_lbfgs,mac1024,scream,0.763428330073535,0.2655618190765381,22.817638397216797,5.9
swd_lbfgs,mac1024,shipwreck,0.867254906001248,0.15865199267864227,29.71222686767578,5.8
swd_lbfgs,mac1024,starry,0.5719902259220228,0.4282563030719757,22.803909301757812,5.8
swd_lbfgs,mac1024,udnie,0.8230359743839155,0.21797120571136475,25.349533081054688,5.8
swd_lbfgs,mac1024,waterlilies,0.7153979656093776,0.3501880466938019,25.70298957824707,5.8
swd_lbfgs,mountains1024,apples,0.8207239034018123,0.0829285979270935,25.92742919921875,6.9
swd_lbfgs,mountains1024,comp7,0.6191781421809986,0.3002832233905792,16.53485870361328,6.9
swd_lbfgs,mountains1024,greatwave,0.6510532388700433,0.22751487791538239,24.412687301635742,6.9
swd_lbfgs,mountains1024,impression,0.8450921611806607,0.06696660071611404,24.381444931030273,6.9
swd_lbfgs,mountains1024,pearlear,0.8747487620126236,0.037291958928108215,29.831119537353516,6.9
swd_lbfgs,mountains1024,scream,0.7519120192414366,0.17969800531864166,18.154563903808594,6.9
swd_lbfgs,mountains1024,shipwreck,0.8510862790376278,0.06317315995693207,21.37980079650879,6.9
swd_lbfgs,mountains1024,starry,0.6162648408366619,0.22648324072360992,17.104583740234375,6.9
swd_lbfgs,mountains1024,udnie,0.8541684028634984,0.061388105154037476,26.0888671875,6.9
swd_lbfgs,mountains1024,waterlilies,0.746906239211272,0.18306808173656464,22.39291000366211,6.9
swd_lbfgs,oparara1024,apples,0.6580136575636271,0.08648128062486649,24.049144744873047,7.1
swd_lbfgs,oparara1024,comp7,0.623189844933299,0.23358923196792603,18.168895721435547,7.1
swd_lbfgs,oparara1024,greatwave,0.6291214328959517,0.15180087089538574,24.242042541503906,7.1
swd_lbfgs,oparara1024,impression,0.5549435644356397,0.1604507863521576,21.502059936523438,7.1
swd_lbfgs,oparara1024,pearlear,0.6272208701239588,0.1172298789024353,36.17412185668945,7.2
swd_lbfgs,oparara1024,scream,0.682588769982193,0.08952486515045166,18.944934844970703,7.2
swd_lbfgs,oparara1024,shipwreck,0.5939301342847616,0.10057070851325989,19.679866790771484,7.1
swd_lbfgs,oparara1024,starry,0.6471395306435043,0.1327052116394043,17.807292938232422,7.2
swd_lbfgs,oparara1024,udnie,0.6961290540062267,0.06440913677215576,23.992454528808594,7.1
swd_lbfgs,oparara1024,waterlilies,0.6911860611802505,0.06758153438568115,17.640247344970703,7.1
swd_lbfgs,rim1024,apples,0.6330491759470883,0.1616329550743103,30.81355857849121,5.8
swd_lbfgs,rim1024,comp7,0.5335330879077432,0.3171158730983734,25.832923889160156,5.8
swd_lbfgs,rim1024,greatwave,0.5525229193231155,0.2432488203048706,28.471282958984375,5.8
swd_lbfgs,rim1024,impression,0.6646423430028068,0.12023423612117767,35.864036560058594,5.8
swd_lbfgs,rim1024,pearlear,0.7814069556678045,0.04204366356134415,24.753097534179688,5.9
swd_lbfgs,rim1024,scream,0.607830040979628,0.23758012056350708,27.857601165771484,5.9
swd_lbfgs,rim1024,shipwreck,0.6296965408143043,0.14626571536064148,28.75802230834961,5.8
swd_lbfgs,rim1024,starry,0.540409625281081,0.30820032954216003,27.90279769897461,5.8
swd_lbfgs,rim1024,udnie,0.7566099600122338,0.113630011677742,31.91207504272461,5.9
swd_lbfgs,rim1024,waterlilies,0.6245461045410861,0.23089967668056488,27.991422653198242,5.8
swd_lbfgs,snow1024,apples,0.6498212250121864,0.2216053009033203,25.62394905090332,6.9
swd_lbfgs,snow1024,comp7,0.6645907675414465,0.3350684642791748,28.36489486694336,6.9
swd_lbfgs,snow1024,greatwave,0.7342508471802114,0.14897677302360535,29.269481658935547,6.9
swd_lbfgs,snow1024,impression,0.5705255525848919,0.2867853343486786,27.281497955322266,6.9
swd_lbfgs,snow1024,pearlear,0.6225658904706511,0.1803869754076004,35.332908630371094,6.8
swd_lbfgs,snow1024,scream,0.6069049527193322,0.2879870533943176,22.52801513671875,6.9
swd_lbfgs,snow1024,shipwreck,0.5988311032015957,0.22068679332733154,24.087310791015625,6.8
swd_lbfgs,snow1024,starry,0.5917402349942129,0.29907798767089844,24.381933212280273,6.9
swd_lbfgs,snow1024,udnie,0.687037628863807,0.15755829215049744,28.161724090576172,6.9
swd_lbfgs,snow1024,waterlilies,0.6427172993315167,0.2613096833229065,25.380281448364258,6.9
swd_lbfgs,tomato1024,apples,0.8423542215607188,0.04783269017934799,23.817489624023438,6.9
swd_lbfgs,tomato1024,comp7,0.6723202382974744,0.19217140972614288,22.154029846191406,6.9
swd_lbfgs,tomato1024,greatwave,0.6683759463732698,0.16427016258239746,28.709102630615234,6.9
swd_lbfgs,tomato1024,impression,0.8153119998116914,0.06441079825162888,28.492944717407227,6.9
swd_lbfgs,tomato1024,pearlear,0.8427478933545857,0.03615099936723709,39.841575622558594,6.9
swd_lbfgs,tomato1024,scream,0.7948145679938883,0.09808164834976196,23.94016456604004,6.9
swd_lbfgs,tomato1024,shipwreck,0.8277642971497251,0.056058064103126526,28.708375930786133,6.9
swd_lbfgs,tomato1024,starry,0.6633909138389151,0.22127759456634521,23.533721923828125,6.8
swd_lbfgs,tomato1024,udnie,0.8643203126759031,0.019580060616135597,24.7423152923584,6.9
swd_lbfgs,tomato1024,waterlilies,0.7970741022147948,0.12179427593946457,23.846153259277344,6.9
swd_lbfgs,toque1024,apples,0.8062996761827123,0.041377998888492584,31.643550872802734,7.0
swd_lbfgs,toque1024,comp7,0.7251799856108425,0.1676124483346939,28.484291076660156,7.0
swd_lbfgs,toque1024,greatwave,0.7361014343273199,0.12922394275665283,32.65757751464844,7.0
swd_lbfgs,toque1024,impression,0.7408525574638378,0.07673044502735138,32.268890380859375,6.9
swd_lbfgs,toque1024,pearlear,0.7821664998840282,0.049048908054828644,37.31510925292969,6.9
swd_lbfgs,toque1024,scream,0.7405295742297653,0.10108601301908493,27.43912124633789,7.0
swd_lbfgs,toque1024,shipwreck,0.7503434140472621,0.07632916420698166,32.45232391357422,6.9
swd_lbfgs,toque1024,starry,0.6860147511032144,0.17080776393413544,26.47121810913086,7.0
swd_lbfgs,toque1024,udnie,0.8279035565264581,0.024113118648529053,33.480262756347656,6.9
swd_lbfgs,toque1024,waterlilies,0.7893901575384421,0.08746557682752609,30.310867309570312,6.9
swd_lbfgs,yemeni1024,apples,0.7806304203019013,0.08697111159563065,28.219253540039062,6.9
swd_lbfgs,yemeni1024,comp7,0.7203290775075931,0.1997065246105194,21.775745391845703,6.9
swd_lbfgs,yemeni1024,greatwave,0.732102498150232,0.15222176909446716,29.985597610473633,6.9
swd_lbfgs,yemeni1024,impression,0.7240068099662814,0.13209892809391022,30.272863388061523,6.9
swd_lbfgs,yemeni1024,pearlear,0.7592814109560008,0.08047511428594589,37.059669494628906,6.9
swd_lbfgs,yemeni1024,scream,0.7445387873020153,0.12591277062892914,25.36444091796875,6.9
swd_lbfgs,yemeni1024,shipwreck,0.7496057218354975,0.10869057476520538,29.243423461914062,6.9
swd_lbfgs,yemeni1024,starry,0.6302191548787711,0.23350948095321655,23.517074584960938,6.9
swd_lbfgs,yemeni1024,udnie,0.8088691091797278,0.028644030913710594,29.138795852661133,6.9
swd_lbfgs,yemeni1024,waterlilies,0.7619008100916305,0.13573509454727173,25.51746940612793,6.9
gram_adam,angel1024,apples,0.6213595261519848,0.2395264357328415,21.607337951660156,20.9
gram_adam,angel1024,comp7,0.6402834411013849,0.38270509243011475,15.851165771484375,20.8
gram_adam,angel1024,greatwave,0.565897948260541,0.3362475633621216,27.81800079345703,20.9
gram_adam,angel1024,impression,0.5092837825395274,0.37151238322257996,24.996784210205078,20.9
gram_adam,angel1024,pearlear,0.43605506960226015,0.32834362983703613,35.26796340942383,20.8
gram_adam,angel1024,scream,0.5773530015428462,0.3631775379180908,16.44076919555664,20.9
gram_adam,angel1024,shipwreck,0.6011028383001911,0.2265097200870514,23.011497497558594,20.8
gram_adam,angel1024,starry,0.6439155807111826,0.3332657516002655,18.918848037719727,20.8
gram_adam,angel1024,udnie,0.5832122731004044,0.29253965616226196,19.8228759765625,20.9
gram_adam,angel1024,waterlilies,0.6006132540791257,0.3080381751060486,19.067317962646484,20.9
gram_adam,arch1024,apples,0.2638937435621763,0.31110435724258423,21.308725357055664,20.9
gram_adam,arch1024,comp7,0.32593055950114636,0.4048699736595154,14.78036117553711,20.9
gram_adam,arch1024,greatwave,0.32895121058240184,0.28556305170059204,23.334976196289062,20.9
gram_adam,arch1024,impression,0.23240108281109279,0.37448012828826904,21.098289489746094,21.0
gram_adam,arch1024,pearlear,0.2459909699703809,0.3507140278816223,37.72045135498047,20.9
gram_adam,arch1024,scream,0.2581825931331244,0.3582969605922699,16.438926696777344,20.9
gram_adam,arch1024,shipwreck,0.26865620567209264,0.28253501653671265,21.209463119506836,21.0
gram_adam,arch1024,starry,0.20667881313733782,0.36111190915107727,17.12395477294922,20.9
gram_adam,arch1024,udnie,0.24305334305031184,0.37409326434135437,20.720109939575195,20.9
gram_adam,arch1024,waterlilies,0.2636616308387363,0.31416791677474976,18.564834594726562,21.0
gram_adam,athletes1024,apples,0.8220798991510796,0.22682909667491913,25.11587142944336,20.9
gram_adam,athletes1024,comp7,0.6958176334671702,0.25029346346855164,22.86458969116211,20.9
gram_adam,athletes1024,greatwave,0.5543308900246233,0.41033267974853516,29.8590087890625,20.9
gram_adam,athletes1024,impression,0.73037959190826,0.2743741571903229,29.68311309814453,20.9
gram_adam,athletes1024,pearlear,0.7424381351734519,0.30641859769821167,36.62273406982422,20.9
gram_adam,athletes1024,scream,0.7381172473156101,0.28855621814727783,24.74150848388672,20.9
gram_adam,athletes1024,shipwreck,0.772887882890298,0.3186458945274353,25.551532745361328,20.9
gram_adam,athletes1024,starry,0.6949481011833134,0.34117069840431213,25.03603744506836,20.9
gram_adam,athletes1024,udnie,0.7486062293142526,0.341528058052063,22.20099639892578,20.9
gram_adam,athletes1024,waterlilies,0.7397167399268916,0.30271729826927185,25.887222290039062,20.9
gram_adam,barn1024,apples,0.5645778074627117,0.25072532892227173,24.516977310180664,20.9
gram_adam,barn1024,comp7,0.6093859944766216,0.23370222747325897,23.784141540527344,20.9
gram_adam,barn1024,greatwave,0.5564609933304383,0.24387091398239136,25.460227966308594,20.9
gram_adam,barn1024,impression,0.4418679995065603,0.3487701416015625,28.425750732421875,20.9
gram_adam,barn1024,pearlear,0.4735381799058137,0.34295299649238586,33.581626892089844,20.8
gram_adam,barn1024,scream,0.5500521884888878,0.29146528244018555,19.84857940673828,20.8
gram_adam,barn1024,shipwreck,0.5024726544076611,0.27216315269470215,24.518962860107422,20.8
gram_adam,barn1024,starry,0.5157067005472511,0.32609492540359497,21.502391815185547,20.8
gram_adam,barn1024,udnie,0.51007551201193,0.35527878999710083,22.84674072265625,20.8
gram_adam,barn1024,waterlilies,0.5683913343264742,0.2758009731769562,24.315574645996094,20.9
gram_adam,berries1024,apples,0.5810834934861618,0.21370792388916016,22.820953369140625,18.9
gram_adam,berries1024,comp7,0.6437985847738621,0.13870713114738464,16.053821563720703,18.9
gram_adam,berries1024,greatwave,0.6331412402458644,0.2496269941329956,27.677520751953125,18.9
gram_adam,berries1024,impression,0.46819874904996805,0.294342964887619,24.843822479248047,18.8
gram_adam,berries1024,pearlear,0.5228633625926676,0.25429630279541016,39.83628463745117,18.9
gram_adam,berries1024,scream,0.5328388737152637,0.22440575063228607,20.625465393066406,18.9
gram_adam,berries1024,shipwreck,0.5163629711171096,0.24289704859256744,27.390758514404297,18.9
gram_adam,berries1024,starry,0.6012400342185893,0.21255701780319214,18.11431884765625,18.9
gram_adam,berries1024,udnie,0.5614666432304658,0.27241331338882446,21.319473266601562,18.9
gram_adam,berries1024,waterlilies,0.5864745496371468,0.20376795530319214,18.63180160522461,18.8
gram_adam,cabbage1024,apples,0.6815939204263254,0.19005659222602844,21.538917541503906,18.8
gram_adam,cabbage1024,comp7,0.6963379424313746,0.2919533848762512,13.57073974609375,18.9
gram_adam,cabbage1024,greatwave,0.6459576930310276,0.25038015842437744,24.61825942993164,18.9
gram_adam,cabbage1024,impression,0.5306141769079828,0.3249635398387909,24.28057861328125,18.9
gram_adam,cabbage1024,pearlear,0.5216886943217639,0.3600253760814667,38.97211456298828,19.0
gram_adam,cabbage1024,scream,0.6297712658484368,0.34152787923812866,14.141536712646484,19.0
gram_adam,cabbage1024,shipwreck,0.6134318652011388,0.3069731891155243,24.929346084594727,18.9
gram_adam,cabbage1024,starry,0.7079532184582196,0.25600868463516235,16.780668258666992,18.9
gram_adam,cabbage1024,udnie,0.5686162428861554,0.3061898946762085,17.750831604003906,18.9
gram_adam,cabbage1024,waterlilies,0.7279976497264988,0.19295446574687958,15.868675231933594,18.9
gram_adam,cat1024,apples,0.5091149609259781,0.17237375676631927,29.114826202392578,18.4
gram_adam,cat1024,comp7,0.5708309829992351,0.22189444303512573,22.025300979614258,18.4
gram_adam,cat1024,greatwave,0.5385072269240884,0.23761197924613953,31.229938507080078,18.5
gram_adam,cat1024,impression,0.3932662126130165,0.30727332830429077,33.74925231933594,18.4
gram_adam,cat1024,pearlear,0.4242253397793055,0.2597549557685852,45.4124870300293,18.4
gram_adam,cat1024,scream,0.48109217210913185,0.22142499685287476,24.539701461791992,18.4
gram_adam,cat1024,shipwreck,0.43943730282560933,0.23583951592445374,32.679229736328125,18.4
gram_adam,cat1024,starry,0.5208870315691398,0.20930811762809753,24.29766845703125,18.4
gram_adam,cat1024,udnie,0.47746876637984825,0.21375584602355957,25.55437469482422,18.4
gram_adam,cat1024,waterlilies,0.514755045429123,0.18706192076206207,26.796396255493164,18.5
gram_adam,city1024,apples,0.6734822892350586,0.17278271913528442,28.329936981201172,20.9
gram_adam,city1024,comp7,0.6810489465793055,0.26377880573272705,22.742294311523438,20.9
gram_adam,city1024,greatwave,0.699021311880881,0.17900094389915466,33.465599060058594,20.9
gram_adam,city1024,impression,0.5722565103562831,0.2830500900745392,28.599449157714844,20.9
gram_adam,city1024,pearlear,0.5759432488198771,0.26165252923965454,47.209556579589844,20.9
gram_adam,city1024,scream,0.6098965407572766,0.21306489408016205,24.540584564208984,20.9
gram_adam,city1024,shipwreck,0.5873487116911432,0.2373313307762146,30.361526489257812,21.0
gram_adam,city1024,starry,0.6308301613105747,0.27174320816993713,24.677898406982422,21.0
gram_adam,city1024,udnie,0.6326398045696585,0.2257133573293686,27.603845596313477,20.9
gram_adam,city1024,waterlilies,0.6557485910051563,0.20862533152103424,24.899377822875977,20.9
gram_adam,daisy1024,apples,0.7745283492143928,0.33104509115219116,23.19808578491211,22.1
gram_adam,daisy1024,comp7,0.6321789906112484,0.4130668044090271,17.50836753845215,22.1
gram_adam,daisy1024,greatwave,0.47949475290453014,0.5001966953277588,23.873693466186523,22.2
gram_adam,daisy1024,impression,0.7934751741227024,0.393856406211853,22.143043518066406,22.2
gram_adam,daisy1024,pearlear,0.8002605909400163,0.3591862916946411,36.655296325683594,22.2
gram_adam,daisy1024,scream,0.7595294104607478,0.37004008889198303,18.100194931030273,22.2
gram_adam,daisy1024,shipwreck,0.7934094770030096,0.38445958495140076,23.22388458251953,22.1
gram_adam,daisy1024,starry,0.6484395968421834,0.4065416753292084,20.79602813720703,22.2
gram_adam,daisy1024,udnie,0.7858244877823782,0.40005260705947876,21.387781143188477,22.1
gram_adam,daisy1024,waterlilies,0.7232022118079381,0.44642096757888794,20.302444458007812,22.1
gram_adam,darkwoods1024,apples,0.346719988297628,0.4211896061897278,21.391996383666992,18.9
gram_adam,darkwoods1024,comp7,0.44761560960934765,0.47282251715660095,13.224006652832031,18.9
gram_adam,darkwoods1024,greatwave,0.47810584192136246,0.3751381039619446,24.792387008666992,18.9
gram_adam,darkwoods1024,impression,0.2625167438718333,0.49159592390060425,17.83176040649414,18.9
gram_adam,darkwoods1024,pearlear,0.3063535057119422,0.5021291971206665,36.005069732666016,18.9
gram_adam,darkwoods1024,scream,0.35336401667884415,0.5716250538825989,14.708747863769531,18.9
gram_adam,darkwoods1024,shipwreck,0.3194287952362227,0.39059358835220337,18.47032928466797,18.9
gram_adam,darkwoods1024,starry,0.4395161145667384,0.43341517448425293,14.526813507080078,18.9
gram_adam,darkwoods1024,udnie,0.3613634214756883,0.5452881455421448,18.648761749267578,18.9
gram_adam,darkwoods1024,waterlilies,0.3730483867708615,0.3833560347557068,12.847280502319336,18.9
gram_adam,desert1024,apples,0.6437333978178389,0.4204368591308594,20.63381576538086,20.9
gram_adam,desert1024,comp7,0.6131955284656393,0.5167099237442017,14.549566268920898,20.9
gram_adam,desert1024,greatwave,0.582597419129108,0.4416717290878296,22.371267318725586,20.9
gram_adam,desert1024,impression,0.5557074725555643,0.5135965347290039,20.670547485351562,20.9
gram_adam,desert1024,pearlear,0.5122458374528447,0.4282037317752838,38.58782196044922,21.0
gram_adam,desert1024,scream,0.6115227949003064,0.40913495421409607,14.318233489990234,20.9
gram_adam,desert1024,shipwreck,0.615140288355086,0.2540343403816223,18.54757308959961,20.9
gram_adam,desert1024,starry,0.6237063931950094,0.4405742287635803,15.202045440673828,20.9
gram_adam,desert1024,udnie,0.5906944143430588,0.4596666097640991,18.72983741760254,20.9
gram_adam,desert1024,waterlilies,0.6110826268586342,0.5167812705039978,17.053939819335938,20.9
gram_adam,headlight1024,apples,0.7250421160808095,0.3092798590660095,25.33230972290039,20.9
gram_adam,headlight1024,comp7,0.6854049814532839,0.3751972019672394,20.734766006469727,20.8
gram_adam,headlight1024,greatwave,0.5714654385511256,0.34996119141578674,30.122539520263672,20.9
gram_adam,headlight1024,impression,0.6962239596653671,0.3383357524871826,28.449493408203125,20.9
gram_adam,headlight1024,pearlear,0.7308216598868462,0.24477414786815643,41.20326232910156,20.9
gram_adam,headlight1024,scream,0.6861180422271936,0.3456786870956421,20.806446075439453,20.9
gram_adam,headlight1024,shipwreck,0.7327263418607247,0.357536256313324,30.522945404052734,20.9
gram_adam,headlight1024,starry,0.6547171428270967,0.297943115234375,22.739734649658203,20.9
gram_adam,headlight1024,udnie,0.78938127240734,0.20146694779396057,22.723546981811523,20.9
gram_adam,headlight1024,waterlilies,0.6833414891155175,0.3591846525669098,24.005779266357422,20.9
gram_adam,mac1024,apples,0.7521505593616112,0.472932368516922,23.928207397460938,15.9
gram_adam,mac1024,comp7,0.5847819115990639,0.5349474549293518,18.708784103393555,15.9
gram_adam,mac1024,greatwave,0.5104135845403271,0.5228461623191833,29.577259063720703,15.8
gram_adam,mac1024,impression,0.8206932555737173,0.4893535077571869,26.62620735168457,15.9
gram_adam,mac1024,pearlear,0.8028726401463628,0.40274983644485474,39.18415069580078,16.0
gram_adam,mac1024,scream,0.7403133481360173,0.3853216767311096,19.458810806274414,15.9
gram_adam,mac1024,shipwreck,0.8072389977966969,0.4377578794956207,25.526859283447266,15.9
gram_adam,mac1024,starry,0.6724796251188191,0.45491087436676025,24.913545608520508,15.9
gram_adam,mac1024,udnie,0.7750669776127614,0.44141340255737305,22.087764739990234,15.9
gram_adam,mac1024,waterlilies,0.6823011319079308,0.5087177157402039,23.690799713134766,15.9
gram_adam,mountains1024,apples,0.7364123648597636,0.3538166582584381,21.054000854492188,20.8
gram_adam,mountains1024,comp7,0.5783324829671022,0.46505942940711975,13.3807373046875,20.9
gram_adam,mountains1024,greatwave,0.4593207142798956,0.4231412410736084,23.60417938232422,20.8
gram_adam,mountains1024,impression,0.7363090224178346,0.3935113549232483,21.51801109313965,20.9
gram_adam,mountains1024,pearlear,0.7310279165519958,0.34363314509391785,35.99394989013672,20.8
gram_adam,mountains1024,scream,0.6641214592184217,0.48138368129730225,15.794376373291016,20.8
gram_adam,mountains1024,shipwreck,0.7289163522554442,0.4398673474788666,21.617380142211914,20.8
gram_adam,mountains1024,starry,0.6283415872654912,0.3314969837665558,15.647037506103516,20.8
gram_adam,mountains1024,udnie,0.7280434931023991,0.4164174795150757,18.31867218017578,20.8
gram_adam,mountains1024,waterlilies,0.670576839537844,0.4289207458496094,15.70193862915039,20.9
gram_adam,oparara1024,apples,0.4292576918997561,0.32880479097366333,22.86199188232422,21.9
gram_adam,oparara1024,comp7,0.5521438497602242,0.4279983639717102,16.377126693725586,21.9
gram_adam,oparara1024,greatwave,0.5768562541116139,0.2693684995174408,23.373680114746094,21.9
gram_adam,oparara1024,impression,0.3449691582207163,0.45736032724380493,18.796634674072266,21.9
gram_adam,oparara1024,pearlear,0.5117681286995291,0.2734307646751404,35.597930908203125,22.0
gram_adam,oparara1024,scream,0.43154775995973044,0.40671980381011963,14.225082397460938,22.0
gram_adam,oparara1024,shipwreck,0.4072365638162898,0.28362083435058594,17.488445281982422,22.0
gram_adam,oparara1024,starry,0.5126839993722533,0.357241690158844,16.60616111755371,22.0
gram_adam,oparara1024,udnie,0.48219354433157585,0.36101704835891724,19.40094566345215,21.9
gram_adam,oparara1024,waterlilies,0.4306154921567183,0.38796600699424744,15.103254318237305,22.0
gram_adam,rim1024,apples,0.26738710293324675,0.3701099455356598,25.793428421020508,15.9
gram_adam,rim1024,comp7,0.3587635266615563,0.3946496844291687,24.064655303955078,15.9
gram_adam,rim1024,greatwave,0.3511608287502288,0.33084729313850403,28.20376205444336,15.9
gram_adam,rim1024,impression,0.252002824983292,0.4399370551109314,27.079801559448242,15.9
gram_adam,rim1024,pearlear,0.40521235530899175,0.15917663276195526,24.487991333007812,15.9
gram_adam,rim1024,scream,0.26661994087988516,0.40657395124435425,17.100475311279297,15.9
gram_adam,rim1024,shipwreck,0.2666000901635126,0.41321074962615967,27.144241333007812,15.8
gram_adam,rim1024,starry,0.292307595009357,0.43170642852783203,23.84886360168457,15.9
gram_adam,rim1024,udnie,0.3448825131056959,0.3278384804725647,25.546142578125,15.9
gram_adam,rim1024,waterlilies,0.2577130947891553,0.4247307777404785,29.81216812133789,15.8
gram_adam,snow1024,apples,0.5639557934718253,0.40818557143211365,22.178363800048828,20.9
gram_adam,snow1024,comp7,0.6205136410153022,0.47799262404441833,17.97869300842285,20.8
gram_adam,snow1024,greatwave,0.7006178384275732,0.27452796697616577,26.717132568359375,20.8
gram_adam,snow1024,impression,0.49344110791635015,0.5059871673583984,22.29766082763672,20.9
gram_adam,snow1024,pearlear,0.5113098374816368,0.42248672246932983,35.20292663574219,20.9
gram_adam,snow1024,scream,0.5283791584830733,0.46081775426864624,17.51766014099121,20.9
gram_adam,snow1024,shipwreck,0.5073646310938114,0.41361668705940247,22.524246215820312,20.9
gram_adam,snow1024,starry,0.5774405152380685,0.4487595558166504,18.292400360107422,20.9
gram_adam,snow1024,udnie,0.5521712619199972,0.3754807412624359,21.492977142333984,20.8
gram_adam,snow1024,waterlilies,0.5422503932666256,0.4168606996536255,20.624391555786133,20.8
gram_adam,tomato1024,apples,0.6734299490690681,0.2372252345085144,23.648101806640625,20.9
gram_adam,tomato1024,comp7,0.6562993386926719,0.2603934407234192,20.407188415527344,20.9
gram_adam,tomato1024,greatwave,0.567965988036547,0.35191118717193604,28.992782592773438,20.9
gram_adam,tomato1024,impression,0.626775821328128,0.28679776191711426,28.71373176574707,20.9
gram_adam,tomato1024,pearlear,0.6988648510294054,0.17819872498512268,38.01252746582031,20.9
gram_adam,tomato1024,scream,0.6507610558961255,0.25327926874160767,22.27703285217285,20.9
gram_adam,tomato1024,shipwreck,0.6693104286561548,0.24961517751216888,28.7749080657959,20.9
gram_adam,tomato1024,starry,0.6249313230093911,0.35654038190841675,22.878204345703125,20.9
gram_adam,tomato1024,udnie,0.7548147489024306,0.2477608323097229,22.110746383666992,20.9
gram_adam,tomato1024,waterlilies,0.608143209002349,0.30223241448402405,23.593656539916992,20.9
gram_adam,toque1024,apples,0.6801141473277688,0.21759063005447388,28.421268463134766,20.9
gram_adam,toque1024,comp7,0.6818402488154298,0.2822502553462982,24.979141235351562,20.9
gram_adam,toque1024,greatwave,0.6071072703866218,0.3126470744609833,33.408241271972656,20.9
gram_adam,toque1024,impression,0.5870150002028496,0.27238380908966064,28.411434173583984,20.9
gram_adam,toque1024,pearlear,0.5777548710275388,0.25353845953941345,36.593833923339844,20.9
gram_adam,toque1024,scream,0.6207532590141925,0.328585684299469,23.269107818603516,20.9
gram_adam,toque1024,shipwreck,0.6257543263551659,0.33852747082710266,31.729732513427734,20.9
gram_adam,toque1024,starry,0.6589735175370883,0.3013302683830261,26.300312042236328,20.9
gram_adam,toque1024,udnie,0.7038903434873368,0.2086825966835022,26.721704483032227,20.9
gram_adam,toque1024,waterlilies,0.6240541179049139,0.31919074058532715,26.953601837158203,20.9
gram_adam,yemeni1024,apples,0.7020245269630206,0.31627964973449707,26.585674285888672,21.0
gram_adam,yemeni1024,comp7,0.7006073413313354,0.29943475127220154,19.805082321166992,21.0
gram_adam,yemeni1024,greatwave,0.598970924128734,0.3820597529411316,29.507638931274414,20.9
gram_adam,yemeni1024,impression,0.6154930500301217,0.464697003364563,28.47848129272461,20.9
gram_adam,yemeni1024,pearlear,0.551777570778933,0.3460503816604614,38.783329010009766,21.0
gram_adam,yemeni1024,scream,0.6467869956385296,0.3110489845275879,21.220062255859375,21.0
gram_adam,yemeni1024,shipwreck,0.687189616886327,0.325762003660202,27.900657653808594,20.9
gram_adam,yemeni1024,starry,0.6064081797685247,0.44234031438827515,21.462093353271484,20.9
gram_adam,yemeni1024,udnie,0.6770183762794509,0.368701696395874,22.522140502929688,21.0
gram_adam,yemeni1024,waterlilies,0.6538119779352303,0.38832515478134155,22.093238830566406,20.9
