name,content_set,style,optimizer,style_mode,saliency_guard,resolution,num_steps,lbfgs_steps,num_projections,ssim,face_ssim,face_frac,masked_ssim,protect_mse,lpips,sifid,wall_s,steps,final_loss,returncode,tail
landscape_kanagawa_A_gram,landscape,kanagawa,adam,gram,off,400,200,,200,0.5933013496374069,nan,0.0,nan,nan,0.479592502117157,18.15856170654297,13.24,200,12087.6083984375,0,  return F.conv2d(
landscape_kanagawa_A_swd_proj64,landscape,kanagawa,adam,swd,off,400,200,,64,0.7231978713080058,nan,0.0,nan,nan,0.33415788412094116,20.265804290771484,17.6,200,104.24827575683594,0,  return F.conv2d(
landscape_kanagawa_A_swd_proj128,landscape,kanagawa,adam,swd,off,400,200,,128,0.7178491708492107,nan,0.0,nan,nan,0.3606940507888794,20.33586311340332,25.35,200,125.65807342529297,0,  return F.conv2d(
landscape_kanagawa_A_swd_auto200,landscape,kanagawa,adam,swd,off,400,200,,200,0.7242479675609266,nan,0.0,nan,nan,0.35804203152656555,20.725492477416992,31.71,200,145.35081481933594,0,  return F.conv2d(
landscape_kanagawa_B_adam,landscape,kanagawa,adam,swd,off,400,250,,auto,0.7253913354048573,nan,0.0,nan,nan,0.3794384002685547,20.696439743041992,25.58,250,94.58985900878906,0,  return F.conv2d(
landscape_kanagawa_B_adam_lbfgs,landscape,kanagawa,adam_lbfgs,swd,off,400,250,20,auto,0.7173188774431947,nan,0.0,nan,nan,0.40443459153175354,20.07769012451172,27.41,270,75.60155487060547,0,  return F.conv2d(
landscape_kanagawa_B_lbfgs,landscape,kanagawa,lbfgs,swd,off,400,30,,auto,0.7319434374635712,nan,0.0,nan,nan,0.34827354550361633,20.916080474853516,5.74,30,198.1927032470703,0,  return F.conv2d(
portrait_kanagawa_C_guard_off,portrait,kanagawa,adam,swd,off,400,250,,auto,0.7214369789583236,0.6865127466006914,0.003029719589257504,nan,nan,0.27240264415740967,36.465545654296875,32.04,250,103.23316192626953,0,  return F.conv2d(
portrait_kanagawa_C_guard_haar,portrait,kanagawa,adam,swd,haar,400,250,,auto,0.7220144313041553,0.7147388724492032,0.003029719589257504,0.9170888239718145,89.39347826086957,0.2710592746734619,37.596290588378906,35.17,250,103.32002258300781,0,  return F.conv2d(
portrait_kanagawa_C_guard_mediapipe,portrait,kanagawa,adam,swd,mediapipe,400,250,,auto,0.7220992257696373,0.6849384019496708,0.003029719589257504,0.9035548246524783,126.12484993997599,0.27184876799583435,36.84280014038086,32.94,250,104.32318878173828,0,I0000 00:00:1790526152.854909   19857 migration_state_tracking.cc:24] Migration not enabled - not starting notification 
portrait2_kanagawa_C_guard_off,portrait2,kanagawa,adam,swd,off,400,250,,auto,0.37835267394050576,0.41943481557534606,0.24212454619545085,nan,nan,0.21829387545585632,32.68132019042969,34.54,250,123.31660461425781,0,  return F.conv2d(
portrait2_kanagawa_C_guard_haar,portrait2,kanagawa,adam,swd,haar,400,250,,auto,0.3871350201089145,0.4494749930469271,0.24212454619545085,0.7546798134950273,80.11209724098013,0.20261448621749878,32.9956169128418,37.22,250,128.23973083496094,0,  return F.conv2d(
portrait2_kanagawa_C_guard_mediapipe,portrait2,kanagawa,adam,swd,mediapipe,400,250,,auto,0.3802201330131354,0.4270580434068409,0.24212454619545085,0.7862234755031017,89.21643497622917,0.20821736752986908,33.43006134033203,35.24,250,126.56291198730469,0,TypeError: 'NoneType' object is not callable
